Run,Task1 F1 (Macro),Task1 Accuracy,Task2.3 F1 (Macro),ECE (Task1),Viol. Rate %,Viol. Magnitude
0310_2116_all_N1a0.5g2.0_N2l0.5_N3e0.25,0.6961,0.6977,0.5584,0.4482,59.2,0.5527
0310_2116_baseline_N1off_N2off_N3off,0.7002,0.7006,0.5623,0.4387,55.9,0.6661
0310_2116_n1n2_N1a0.5g2.0_N2l0.5_N3off,0.6987,0.6991,0.5503,0.4064,44.8,0.4863
0310_2116_n1n3_N1a0.5g2.0_N2off_N3e0.25,0.7129,0.7135,0.5555,0.4375,58.0,0.6366
0310_2116_n1only_N1a0.5g2.0_N2off_N3off,0.7101,0.7120,0.6033,0.4630,62.3,0.6578
0310_2116_n2only_N1off_N2l0.5_N3off,0.6989,0.6991,0.5677,0.4187,49.7,0.5873
0310_2116_n3only_N1off_N2off_N3e0.25,0.6775,0.6777,0.5383,0.4341,53.3,0.6012
0410_1625_all_N1a0.5g2.0_N2l0.5_N3e0.25,0.6961,0.6977,0.5584,0.4482,59.2,0.5527
0410_1625_baseline_N1off_N2off_N3off,0.7002,0.7006,0.5623,0.4387,55.9,0.6661
0410_1625_n1n2_N1a0.5g2.0_N2l0.5_N3off,0.6987,0.6991,0.5503,0.4064,44.8,0.4863
0410_1625_n1n3_N1a0.5g2.0_N2off_N3e0.25,0.7129,0.7135,0.5555,0.4375,58.0,0.6366
0410_1625_n1only_N1a0.5g2.0_N2off_N3off,0.7101,0.7120,0.6033,0.4630,62.3,0.6578
0410_1625_n2only_N1off_N2l0.5_N3off,0.6989,0.6991,0.5677,0.4187,49.7,0.5873
0410_1625_n3only_N1off_N2off_N3e0.25,0.6775,0.6777,0.5383,0.4341,53.3,0.6012
