Run,Uncertainty Bin,N Samples,F1
0310_2116_all_N1a0.5g2.0_N2l0.5_N3e0.25,Low (d<0.2),649,0.7043
0310_2116_all_N1a0.5g2.0_N2l0.5_N3e0.25,Medium (0.2≤d<0.5),23,0.5437
0310_2116_all_N1a0.5g2.0_N2l0.5_N3e0.25,High (d≥0.5),26,0.6131
0310_2116_baseline_N1off_N2off_N3off,Low (d<0.2),652,0.7161
0310_2116_baseline_N1off_N2off_N3off,Medium (0.2≤d<0.5),19,0.4345
0310_2116_baseline_N1off_N2off_N3off,High (d≥0.5),27,0.4808
0310_2116_n1n2_N1a0.5g2.0_N2l0.5_N3off,Low (d<0.2),667,0.7131
0310_2116_n1n2_N1a0.5g2.0_N2l0.5_N3off,Medium (0.2≤d<0.5),12,0.5804
0310_2116_n1n2_N1a0.5g2.0_N2l0.5_N3off,High (d≥0.5),19,0.2611
0310_2116_n1n3_N1a0.5g2.0_N2off_N3e0.25,Low (d<0.2),646,0.7222
0310_2116_n1n3_N1a0.5g2.0_N2off_N3e0.25,Medium (0.2≤d<0.5),29,0.6037
0310_2116_n1n3_N1a0.5g2.0_N2off_N3e0.25,High (d≥0.5),23,0.5577
0310_2116_n1only_N1a0.5g2.0_N2off_N3off,Low (d<0.2),657,0.7173
0310_2116_n1only_N1a0.5g2.0_N2off_N3off,Medium (0.2≤d<0.5),25,0.5994
0310_2116_n1only_N1a0.5g2.0_N2off_N3off,High (d≥0.5),16,0.5152
0310_2116_n2only_N1off_N2l0.5_N3off,Low (d<0.2),666,0.7039
0310_2116_n2only_N1off_N2l0.5_N3off,Medium (0.2≤d<0.5),15,0.6606
0310_2116_n2only_N1off_N2l0.5_N3off,High (d≥0.5),17,0.5143
0310_2116_n3only_N1off_N2off_N3e0.25,Low (d<0.2),650,0.6968
0310_2116_n3only_N1off_N2off_N3e0.25,Medium (0.2≤d<0.5),20,0.4486
0310_2116_n3only_N1off_N2off_N3e0.25,High (d≥0.5),28,0.3921
0410_1625_all_N1a0.5g2.0_N2l0.5_N3e0.25,Low (d<0.2),649,0.7043
0410_1625_all_N1a0.5g2.0_N2l0.5_N3e0.25,Medium (0.2≤d<0.5),23,0.5437
0410_1625_all_N1a0.5g2.0_N2l0.5_N3e0.25,High (d≥0.5),26,0.6131
0410_1625_baseline_N1off_N2off_N3off,Low (d<0.2),652,0.7161
0410_1625_baseline_N1off_N2off_N3off,Medium (0.2≤d<0.5),19,0.4345
0410_1625_baseline_N1off_N2off_N3off,High (d≥0.5),27,0.4808
0410_1625_n1n2_N1a0.5g2.0_N2l0.5_N3off,Low (d<0.2),667,0.7131
0410_1625_n1n2_N1a0.5g2.0_N2l0.5_N3off,Medium (0.2≤d<0.5),12,0.5804
0410_1625_n1n2_N1a0.5g2.0_N2l0.5_N3off,High (d≥0.5),19,0.2611
0410_1625_n1n3_N1a0.5g2.0_N2off_N3e0.25,Low (d<0.2),646,0.7222
0410_1625_n1n3_N1a0.5g2.0_N2off_N3e0.25,Medium (0.2≤d<0.5),29,0.6037
0410_1625_n1n3_N1a0.5g2.0_N2off_N3e0.25,High (d≥0.5),23,0.5577
0410_1625_n1only_N1a0.5g2.0_N2off_N3off,Low (d<0.2),657,0.7173
0410_1625_n1only_N1a0.5g2.0_N2off_N3off,Medium (0.2≤d<0.5),25,0.5994
0410_1625_n1only_N1a0.5g2.0_N2off_N3off,High (d≥0.5),16,0.5152
0410_1625_n2only_N1off_N2l0.5_N3off,Low (d<0.2),666,0.7039
0410_1625_n2only_N1off_N2l0.5_N3off,Medium (0.2≤d<0.5),15,0.6606
0410_1625_n2only_N1off_N2l0.5_N3off,High (d≥0.5),17,0.5143
0410_1625_n3only_N1off_N2off_N3e0.25,Low (d<0.2),650,0.6968
0410_1625_n3only_N1off_N2off_N3e0.25,Medium (0.2≤d<0.5),20,0.4486
0410_1625_n3only_N1off_N2off_N3e0.25,High (d≥0.5),28,0.3921
